{"input_signs": [false], "client_parameters": {"bootstrapKeys": {"bsk_v0": {"baseLog": 23, "glweDimension": 1, "inputSecretKeyID": "small", "level": 1, "outputSecretKeyID": "big", "variance": 4.905643852600863e-32}}, "functionName": "main", "inputs": [{"encryption": {"encoding": {"precision": 5}, "secretKeyID": "big", "variance": 4.905643852600863e-32}, "shape": {"dimensions": [1, 30], "size": 30, "width": 5}}], "keyswitchKeys": {"ksk_v0": {"baseLog": 3, "inputSecretKeyID": "big", "level": 5, "outputSecretKeyID": "small", "variance": 3.2241320870590756e-11}}, "outputs": [{"encryption": {"encoding": {"precision": 5}, "secretKeyID": "big", "variance": 4.905643852600863e-32}, "shape": {"dimensions": [1, 1], "size": 1, "width": 5}}], "secretKeys": {"big": {"dimension": 2048}, "small": {"dimension": 737}}}, "output_signs": [false]}